length_of_association,Income,total_amount_spend
101,58138.0,1617.0
83,46344.0,27.0
89,71613.0,776.0
83,26646.0,53.0
84,58293.0,422.0
89,62513.0,716.0
99,55635.0,590.0
93,33454.0,169.0
92,30351.0,46.0
82,18985.5,49.0
99,18985.5,61.0
86,63033.0,1102.0
86,59354.0,310.0
100,18985.5,46.0
98,82800.0,1315.0
97,41850.0,96.0
101,37760.0,317.0
94,76995.0,1778.25
99,33812.0,133.0
102,37040.0,316.0
97,18985.5,1730.0
97,58607.0,972.0
84,65324.0,544.0
94,40689.0,444.0
97,18985.5,75.0
92,53359.0,257.0
92,38360.0,131.0
86,84130.0,1672.0
80,18985.5,30.0
93,38620.0,318.0
100,40548.0,120.0
99,46610.0,302.0
95,68657.0,1196.0
89,49389.0,65.0
85,67353.0,913.0
89,23718.0,81.0
83,42429.0,67.0
96,48948.0,902.0
93,80011.0,1395.0
95,20559.0,53.0
97,21994.0,22.0
88,18985.5,31.0
79,79941.0,984.0
99,18985.5,122.0
92,41728.0,55.0
99,72550.0,1319.0
80,65486.0,507.0
102,79143.0,1693.0
97,35790.0,72.0
79,82582.0,1617.0
91,66373.0,606.0
98,82384.0,1778.25
94,70287.0,1093.0
81,27938.0,29.0
83,55954.0,518.0
91,75777.0,1438.0
101,66653.0,612.0
95,61823.0,884.0
92,67680.0,606.0
86,70666.0,1076.0
92,25721.0,34.0
80,32474.0,22.0
82,84130.0,1274.0
88,69096.0,653.0
94,74854.0,1562.0
101,66991.0,1253.0
94,65031.0,863.0
94,60631.0,661.0
81,28332.0,65.0
97,40246.0,22.0
101,75251.0,1778.25
100,75825.0,1778.25
89,26326.0,22.0
97,56046.0,692.0
101,29760.0,165.0
91,26304.0,22.0
91,23559.0,79.0
93,38620.0,318.0
83,81361.0,778.0
89,29440.0,56.0
90,36138.0,151.0
80,50388.0,372.0
80,79593.0,1366.0
84,54178.0,194.0
82,42394.0,32.0
80,23626.0,43.0
80,30096.0,45.0
98,47916.0,606.0
94,51813.0,63.0
86,78497.0,978.0
91,50150.0,410.0
90,47823.0,72.0
82,34554.0,55.0
93,84130.0,1169.0
92,65846.0,1120.0
80,84130.0,1097.0
85,24594.0,29.0
88,49096.0,187.0
96,52413.0,910.0
97,38557.0,145.0
98,84130.0,850.0
87,77298.0,969.0
99,68126.0,1778.25
79,57288.0,608.0
97,84130.0,730.0
98,43974.0,551.0
88,50785.0,114.0
84,84130.0,1724.0
95,36550.0,577.0
91,30753.0,81.0
86,21918.0,33.0
91,56129.0,660.0
83,32557.0,80.0
89,19510.0,30.0
93,30992.0,43.0
95,84130.0,1135.0
95,71488.0,559.0
93,79607.0,1778.25
79,54348.0,90.0
80,77376.0,661.0
88,62998.0,463.0
95,61331.0,632.0
83,73448.0,725.0
89,41551.0,279.0
94,62981.0,1482.0
102,18985.5,29.0
91,33762.0,106.0
80,35860.0,49.0
90,36921.0,38.0
99,84130.0,1778.25
86,65104.0,1053.0
93,84130.0,1385.0
89,68352.0,871.0
94,41883.0,312.0
99,59809.0,877.0
99,23957.0,68.0
89,38547.0,22.0
101,35688.0,211.0
79,49605.0,127.0
81,59354.0,459.0
83,65747.0,460.0
97,46344.0,429.0
80,34176.0,89.0
100,61010.0,1021.0
95,69372.0,1381.0
91,49967.0,306.0
88,60199.0,22.0
87,55375.0,162.0
89,80317.0,1231.0
91,30523.0,22.0
99,70356.0,1706.0
85,23228.0,121.0
93,74165.0,1293.0
83,84130.0,1608.0
86,43482.0,88.0
86,62551.0,421.0
89,52332.0,259.0
87,66951.0,1117.0
83,26091.0,89.0
81,33456.0,36.0
90,28718.0,57.0
81,50447.0,148.0
84,53537.0,93.0
82,52074.0,119.0
101,80427.0,1778.25
97,83837.0,1318.0
80,38853.0,45.0
79,38285.0,22.0
86,78497.0,978.0
80,51650.0,191.0
80,18985.5,57.0
88,66835.0,1033.0
84,30477.0,66.0
79,28249.0,43.0
98,25271.0,50.0
83,32303.0,39.0
90,61286.0,608.0
94,74068.0,1581.0
95,45759.0,68.0
101,24882.0,80.0
92,66973.0,1282.0
88,36640.0,65.0
92,38872.0,91.0
95,51148.0,315.0
85,31353.0,31.0
80,69661.0,834.0
88,80067.0,1600.0
96,84130.0,1270.0
82,46854.0,263.0
79,69142.0,535.0
85,75922.0,1295.0
87,63693.0,1150.0
99,84130.0,1240.0
90,40637.0,38.0
99,18985.5,35.0
86,29604.0,53.0
92,48721.0,293.0
79,44794.0,65.0
101,64497.0,1778.25
94,46097.0,241.0
82,77972.0,1101.0
100,44377.0,264.0
96,46014.0,541.0
93,70951.0,1198.0
82,41443.0,482.0
80,52195.0,22.0
86,83790.0,1615.0
89,44551.0,285.0
98,69508.0,1135.0
81,45204.0,114.0
86,72460.0,1047.0
81,77622.0,714.0
97,30732.0,185.0
101,63887.0,1245.0
94,42011.0,189.0
99,51369.0,576.0
98,51537.0,1103.0
102,79930.0,1753.0
83,34320.0,22.0
94,37070.0,433.0
97,81975.0,1588.0
92,38590.0,22.0
81,18985.5,22.0
94,62745.0,1117.0
85,22212.0,69.0
86,23661.0,23.0
88,79761.0,605.0
85,18985.5,57.0
80,60182.0,22.0
87,73455.0,1778.25
97,64961.0,1009.0
90,22804.0,26.0
86,73687.0,1627.0
101,61074.0,1102.0
80,31686.0,22.0
92,80134.0,1690.0
97,75027.0,1390.0
101,67546.0,1778.25
99,65176.0,1531.0
88,31160.0,64.0
87,29938.0,26.0
94,84130.0,1112.0
100,26490.0,210.0
101,75702.0,1148.0
100,30899.0,33.0
99,63342.0,1101.0
99,45989.0,322.0
92,18985.5,44.0
86,40737.0,22.0
100,18985.5,31.0
92,69674.0,845.0
79,44159.0,275.0
98,37717.0,25.0
96,43776.0,275.0
94,38179.0,90.0
79,80124.0,1495.0
99,38097.0,184.0
91,72940.0,981.0
88,22070.0,67.0
100,69267.0,1635.0
82,31788.0,60.0
84,61905.0,231.0
82,29315.0,48.0
96,33378.0,99.0
88,66313.0,770.0
96,60714.0,957.0
81,77882.0,818.0
94,69867.0,925.0
93,63841.0,908.0
96,24480.0,102.0
99,51369.0,576.0
101,37760.0,317.0
83,65640.0,461.0
81,44319.0,37.0
90,30631.0,70.0
96,75278.0,930.0
97,50898.0,859.0
80,79946.0,1478.0
91,35416.0,390.0
91,32414.0,52.0
85,38361.0,137.0
99,82497.0,1778.25
84,18985.5,68.0
95,29672.0,25.0
101,55951.0,1374.0
95,35388.0,32.0
96,42386.0,100.0
97,68627.0,825.0
82,57912.0,916.0
81,35246.0,62.0
87,58821.0,728.0
83,46377.0,90.0
81,39747.0,273.0
85,23976.0,66.0
94,80950.0,1213.0
100,27038.0,107.0
83,77457.0,1157.0
88,64100.0,546.0
93,42670.0,241.0
84,18985.5,53.0
87,22574.0,37.0
96,70893.0,1508.0
85,54198.0,235.0
82,28839.0,32.0
90,40321.0,102.0
102,66503.0,401.0
90,30833.0,28.0
96,64795.0,680.0
91,34421.0,30.0
83,47025.0,22.0
96,64325.0,1307.0
97,40464.0,630.0
91,62187.0,1283.0
91,18985.5,65.0
87,27255.0,37.0
93,54432.0,38.0
95,29999.0,160.0
93,24072.0,23.0
88,33996.0,71.0
94,66334.0,1161.0
97,35178.0,59.0
91,22010.0,33.0
101,62204.0,946.0
98,75693.0,1442.0
99,30675.0,62.0
95,83003.0,1674.0
88,83532.0,1778.25
102,68655.0,1538.0
86,41411.0,139.0
98,55212.0,1182.0
91,59292.0,507.0
89,27190.0,22.0
86,82623.0,940.0
91,44300.0,42.0
79,84130.0,1190.0
97,30372.0,44.0
85,33181.0,22.0
85,71113.0,835.0
97,71952.0,1443.0
87,69759.0,1029.0
99,72099.0,1188.0
97,60000.0,1277.0
86,38643.0,49.0
93,50737.0,99.0
98,68462.0,1670.0
89,65073.0,900.0
88,46681.0,425.0
100,78618.0,1778.25
82,62187.0,636.0
83,28442.0,57.0
98,37717.0,25.0
97,51479.0,494.0
101,54803.0,693.0
92,79530.0,1348.0
94,31615.0,51.0
98,72025.0,1778.25
98,52614.0,990.0
81,35684.0,30.0
99,48178.0,254.0
89,29548.0,29.0
99,63810.0,1371.0
91,38578.0,73.0
101,46098.0,120.0
94,22585.0,81.0
97,30279.0,37.0
88,66426.0,1377.0
91,30822.0,51.0
97,33581.0,22.0
86,19986.0,22.0
98,27421.0,324.0
101,35688.0,211.0
82,36143.0,22.0
92,18985.5,41.0
87,43795.0,492.0
100,63381.0,1005.0
101,38823.0,114.0
93,83664.0,1173.0
85,84130.0,1738.0
85,62499.0,222.0
81,74293.0,1127.0
93,51012.0,209.0
83,70777.0,787.0
88,68682.0,1598.0
100,43824.0,186.0
101,18985.5,47.0
97,23442.0,27.0
99,18985.5,96.0
94,31395.0,64.0
100,75276.0,1040.0
89,42373.0,163.0
95,30507.0,343.0
87,55521.0,446.0
79,48006.0,41.0
101,27213.0,70.0
80,65808.0,272.0
92,30351.0,46.0
99,50437.0,490.0
98,23616.0,79.0
99,53858.0,915.0
94,66465.0,1485.0
101,46923.0,369.0
96,75072.0,1073.0
82,75865.0,1242.0
86,19789.0,78.0
83,80134.0,1378.0
95,84130.0,1474.0
95,49505.0,751.0
81,37401.0,48.0
80,30096.0,45.0
80,18985.5,22.0
92,82584.0,1435.0
93,84130.0,1778.25
86,48686.0,22.0
81,84130.0,1778.25
82,75433.0,1188.0
81,18985.5,43.0
93,61314.0,1008.0
93,84130.0,1688.0
99,42387.0,684.0
96,67309.0,1082.0
86,75236.0,1068.0
84,30015.0,57.0
91,50943.0,46.0
85,67272.0,733.0
89,51529.0,467.0
89,32011.0,122.0
96,18985.5,36.0
91,28691.0,34.0
85,56223.0,156.0
90,18985.5,22.0
97,30279.0,37.0
82,20130.0,34.0
90,23295.0,22.0
88,42618.0,192.0
85,81246.0,1379.0
92,24027.0,48.0
85,55707.0,428.0
93,57959.0,868.0
95,56796.0,1001.0
87,36230.0,59.0
86,70829.0,431.0
101,65991.0,971.0
101,38988.0,348.0
100,84130.0,1778.25
94,42207.0,265.0
80,50300.0,270.0
100,66664.0,1289.0
85,60597.0,893.0
88,70165.0,926.0
84,50520.0,135.0
79,80124.0,1495.0
83,33183.0,120.0
83,66582.0,1288.0
93,75261.0,1743.0
99,31880.0,22.0
83,53790.0,542.0
102,49269.0,890.0
94,61456.0,1388.0
87,37406.0,22.0
102,56937.0,906.0
97,38415.0,44.0
80,20518.0,25.0
95,62503.0,973.0
80,41644.0,31.0
80,55842.0,518.0
99,62010.0,530.0
99,41124.0,506.0
85,38961.0,70.0
89,37760.0,54.0
101,32233.0,296.0
87,43057.0,266.0
100,83151.0,747.0
101,78825.0,895.0
86,65104.0,1053.0
91,60093.0,735.0
84,18985.5,22.0
99,28457.0,205.0
100,78952.0,1778.25
98,46310.0,309.0
95,76005.0,1722.0
97,58308.0,900.0
86,55614.0,682.0
93,59432.0,663.0
82,55563.0,43.0
93,78642.0,1778.25
80,67911.0,976.0
94,65275.0,746.0
102,27203.0,64.0
86,48330.0,32.0
97,24279.0,263.0
101,64355.0,1445.0
91,50943.0,46.0
99,53653.0,1210.0
86,65665.0,945.0
90,81217.0,1157.0
91,34935.0,137.0
97,61250.0,730.0
92,39665.0,216.0
94,60152.0,943.0
87,48920.0,347.0
82,84130.0,1778.25
93,44124.0,397.0
93,81169.0,1778.25
96,36443.0,138.0
91,26095.0,42.0
89,71367.0,777.0
83,80184.0,1778.25
84,30630.0,52.0
83,73454.0,1651.0
89,42691.0,358.0
100,70503.0,1727.0
101,25545.0,210.0
98,32880.0,42.0
86,77863.0,1291.0
79,50353.0,442.0
102,61839.0,1778.25
87,49154.0,411.0
95,47682.0,521.0
88,72679.0,1168.0
79,57954.0,493.0
93,65316.0,260.0
91,28567.0,46.0
94,47352.0,319.0
84,44931.0,96.0
83,76982.0,1062.0
90,57247.0,232.0
85,22944.0,76.0
87,25315.0,54.0
102,43638.0,201.0
98,42710.0,406.0
90,84130.0,1778.25
92,54058.0,662.0
83,24683.0,41.0
85,84130.0,1600.0
86,47850.0,134.0
84,19514.0,69.0
82,27159.0,22.0
82,39548.0,54.0
81,21474.0,91.0
83,60504.0,526.0
93,22419.0,162.0
87,81698.0,1008.0
101,43462.0,240.0
95,54880.0,795.0
94,79908.0,1772.0
90,18985.5,64.0
92,84130.0,1778.25
89,33039.0,78.0
91,81741.0,1572.0
91,71499.0,795.0
84,62466.0,889.0
87,48799.0,331.0
79,52157.0,265.0
98,66565.0,1065.0
89,29298.0,22.0
91,47691.0,22.0
98,38200.0,22.0
101,44989.0,369.0
84,38443.0,38.0
88,38593.0,177.0
90,64413.0,279.0
88,36959.0,62.0
96,61996.0,1230.0
82,51287.0,182.0
89,18985.5,49.0
88,47472.0,75.0
91,54603.0,227.0
99,45207.0,215.0
94,40689.0,444.0
87,47821.0,47.0
93,27450.0,143.0
82,39453.0,55.0
81,26850.0,63.0
100,79800.0,1778.25
88,61794.0,611.0
80,53863.0,473.0
89,24221.0,55.0
100,39684.0,81.0
98,84130.0,1778.25
86,69882.0,1478.0
84,33178.0,49.0
88,59973.0,382.0
88,18985.5,69.0
99,23910.0,67.0
87,42169.0,30.0
92,26224.0,63.0
101,31089.0,79.0
95,30081.0,42.0
101,62807.0,819.0
88,72906.0,1151.0
98,61467.0,594.0
96,49618.0,129.0
97,21888.0,213.0
83,42429.0,67.0
95,26150.0,28.0
99,30801.0,45.0
81,81168.0,1193.0
89,26877.0,268.0
90,45006.0,266.0
98,18985.5,37.0
87,22574.0,37.0
99,48240.0,882.0
90,45837.0,373.0
93,35791.0,35.0
92,84130.0,107.0
94,54162.0,42.0
101,30522.0,326.0
91,54456.0,404.0
90,31632.0,95.0
82,72298.0,939.0
85,36975.0,33.0
92,72635.0,981.0
96,18985.5,36.0
92,84130.0,1237.0
100,70971.0,1778.25
101,34487.0,103.0
97,28769.0,191.0
86,69084.0,1586.0
79,65488.0,963.0
84,62466.0,889.0
83,32218.0,93.0
93,83917.0,1587.0
82,46102.0,22.0
92,84130.0,1375.0
97,56181.0,393.0
100,63120.0,1477.0
87,73691.0,1179.0
100,63381.0,1005.0
80,76140.0,1348.0
97,62859.0,1307.0
93,45906.0,486.0
95,77632.0,1778.25
89,46463.0,235.0
96,84130.0,1724.0
85,55282.0,235.0
80,78710.0,1092.0
88,66886.0,599.0
83,84130.0,1778.25
101,29103.0,48.0
102,67445.0,1174.0
81,50616.0,67.0
102,49431.0,365.0
83,84130.0,22.0
85,61278.0,165.0
100,26490.0,210.0
89,73059.0,1095.0
87,46734.0,223.0
98,56253.0,597.0
86,19986.0,22.0
85,58330.0,1064.0
101,25965.0,74.0
97,18985.5,26.0
97,18985.5,60.0
92,45068.0,22.0
88,21063.0,59.0
93,29187.0,34.0
87,54690.0,198.0
90,59304.0,1048.0
87,59247.0,574.0
101,66731.0,1029.0
85,77353.0,670.0
98,52614.0,990.0
80,26751.0,22.0
99,81300.0,1241.0
85,70337.0,576.0
91,36145.0,172.0
85,65295.0,664.0
87,68118.0,928.0
101,68743.0,1778.25
90,41039.0,467.0
87,38946.0,257.0
85,65777.0,1146.0
95,66476.0,689.0
101,84130.0,1778.25
102,84130.0,1717.0
80,77845.0,1346.0
88,69476.0,1044.0
100,50611.0,493.0
89,61209.0,957.0
90,42315.0,270.0
87,18985.5,29.0
92,47570.0,121.0
90,61923.0,126.0
82,34824.0,23.0
94,26518.0,57.0
87,45938.0,636.0
81,78468.0,1004.0
88,78901.0,734.0
82,71427.0,614.0
83,71022.0,1453.0
81,84130.0,1621.0
85,41335.0,187.0
97,71952.0,1443.0
79,35682.0,57.0
94,43185.0,637.0
86,66375.0,948.0
97,35178.0,59.0
90,25252.0,22.0
99,55250.0,903.0
95,33249.0,112.0
92,58398.0,596.0
90,50272.0,233.0
98,76618.0,1511.0
100,84130.0,1152.0
96,25851.0,48.0
94,58710.0,1185.0
82,45160.0,22.0
97,74806.0,965.0
93,59111.0,869.0
80,18988.0,22.0
95,72190.0,1778.25
102,18985.5,71.0
79,44794.0,65.0
86,80395.0,1380.0
84,75012.0,1027.0
87,56962.0,411.0
93,84130.0,836.0
88,35946.0,22.0
102,53593.0,480.0
91,66373.0,606.0
87,45072.0,284.0
88,84130.0,1472.0
81,72025.0,1677.0
94,67432.0,1335.0
80,70545.0,334.0
94,18985.5,22.0
102,62882.0,1338.0
94,64108.0,1099.0
95,34941.0,97.0
85,48767.0,63.0
90,38702.0,109.0
84,82224.0,902.0
93,83844.0,1574.0
85,18985.5,38.0
82,71163.0,960.0
88,33697.0,28.0
84,63564.0,1215.0
85,83443.0,1497.0
88,51518.0,449.0
85,58330.0,1064.0
95,80952.0,1757.0
81,75507.0,1440.0
96,63855.0,1006.0
102,62220.0,1226.0
88,58512.0,1171.0
94,40662.0,92.0
82,38829.0,99.0
88,35523.0,66.0
81,79146.0,564.0
87,78285.0,1427.0
93,31626.0,86.0
80,75127.0,833.0
93,48726.0,242.0
101,74985.0,1778.25
101,67430.0,1364.0
89,46891.0,183.0
92,62058.0,450.0
91,72063.0,758.0
85,78939.0,1507.0
93,42720.0,654.0
93,33622.0,81.0
98,18985.5,137.0
95,41452.0,22.0
89,40760.0,93.0
84,74250.0,1158.0
85,51124.0,43.0
88,72258.0,1525.0
82,71466.0,1230.0
81,36283.0,29.0
80,20587.0,25.0
82,30467.0,24.0
91,31590.0,38.0
99,20425.0,57.0
83,18985.5,47.0
97,42564.0,813.0
80,43783.0,629.0
101,40780.0,377.0
96,62847.0,1612.0
99,82017.0,729.0
90,18985.5,50.0
87,51267.0,270.0
94,46524.0,177.0
96,45183.0,315.0
79,70421.0,767.0
99,60161.0,1071.0
95,73926.0,1580.0
85,19329.0,60.0
85,61872.0,573.0
94,46984.0,41.0
96,34838.0,170.0
87,82716.0,1167.0
94,48192.0,1526.0
87,49681.0,458.0
82,56850.0,63.0
87,55267.0,405.0
94,59666.0,1027.0
94,72504.0,1478.0
87,26872.0,72.0
93,21359.0,48.0
80,73170.0,726.0
96,52750.0,860.0
86,84130.0,1497.0
80,65968.0,495.0
82,30772.0,22.0
98,22507.0,570.0
82,65685.0,769.0
89,25804.0,55.0
93,76412.0,1778.25
90,22063.0,55.0
79,57091.0,577.0
93,22419.0,162.0
92,84130.0,1778.25
93,78353.0,1576.0
93,84130.0,1616.0
97,37859.0,36.0
93,80995.0,1482.0
83,18985.5,22.0
86,55412.0,63.0
101,48789.0,680.0
93,56575.0,542.0
88,25130.0,50.0
95,35441.0,39.0
94,71391.0,1043.0
93,49494.0,385.0
100,81702.0,1633.0
91,45889.0,46.0
82,56628.0,761.0
90,34026.0,76.0
98,40049.0,290.0
80,34176.0,89.0
99,19419.0,70.0
90,82504.0,1066.0
84,81205.0,1778.25
100,61618.0,1345.0
97,55284.0,764.0
87,49980.0,195.0
93,18985.5,53.0
91,49166.0,368.0
84,65324.0,544.0
99,82347.0,1778.25
80,30843.0,35.0
82,46374.0,446.0
94,60474.0,1180.0
83,38576.0,41.0
95,55357.0,727.0
100,37758.0,40.0
93,84130.0,1062.0
84,23228.0,40.0
83,44602.0,292.0
97,18985.5,22.0
100,38683.0,341.0
85,49514.0,369.0
92,57906.0,401.0
94,43456.0,393.0
88,19485.0,22.0
93,53172.0,486.0
99,30545.0,69.0
88,70123.0,1727.0
85,62450.0,995.0
79,21675.0,45.0
82,42395.0,182.0
88,61346.0,989.0
88,80812.0,1677.0
91,42835.0,595.0
95,39922.0,156.0
82,84130.0,1226.0
96,18985.5,128.0
83,24762.0,86.0
99,35797.0,68.0
90,36627.0,22.0
79,51111.0,55.0
101,84130.0,1778.25
91,82072.0,1778.25
98,46231.0,263.0
85,42243.0,55.0
94,51195.0,564.0
85,68092.0,1281.0
96,31814.0,83.0
101,51390.0,353.0
84,76630.0,1003.0
81,26868.0,22.0
96,48948.0,902.0
98,55260.0,1139.0
90,64090.0,797.0
84,78331.0,1638.0
89,37087.0,401.0
87,21846.0,84.0
96,81320.0,928.0
89,54137.0,203.0
90,66825.0,858.0
86,57100.0,409.0
94,58917.0,282.0
81,84130.0,1423.0
86,84130.0,1449.0
86,45684.0,28.0
85,47889.0,67.0
82,45921.0,199.0
91,78420.0,1453.0
87,75114.0,1253.0
96,52278.0,1198.0
90,35641.0,178.0
98,84130.0,1778.25
93,62820.0,976.0
85,73113.0,1001.0
90,84130.0,1778.25
86,42607.0,350.0
92,74637.0,1650.0
81,46015.0,46.0
93,72354.0,1228.0
96,39858.0,95.0
81,34469.0,62.0
80,83033.0,1761.0
101,24401.0,467.0
83,77583.0,1149.0
85,74116.0,1778.25
81,74293.0,1127.0
86,68397.0,1416.0
81,79632.0,1113.0
83,46107.0,125.0
102,64950.0,966.0
97,25443.0,32.0
80,75127.0,833.0
80,32892.0,46.0
87,71796.0,960.0
92,67536.0,1778.25
90,55239.0,779.0
90,60554.0,811.0
92,64831.0,1120.0
90,56067.0,725.0
92,82025.0,1187.0
95,84130.0,1778.25
97,18985.5,66.0
100,51563.0,1250.0
83,57937.0,683.0
88,68274.0,305.0
86,39771.0,50.0
100,67893.0,995.0
80,27922.0,41.0
80,52190.0,77.0
96,44051.0,171.0
93,42767.0,131.0
80,46106.0,54.0
96,18985.5,53.0
98,59754.0,475.0
101,53700.0,694.0
81,59041.0,96.0
93,54237.0,361.0
100,70647.0,1079.0
81,52597.0,578.0
97,41021.0,64.0
87,40233.0,149.0
79,50183.0,231.0
88,54753.0,728.0
89,84130.0,1778.0
100,33471.0,93.0
93,34596.0,23.0
100,44010.0,662.0
84,84130.0,1198.0
96,40706.0,81.0
99,18985.5,92.0
86,59052.0,491.0
100,80573.0,1564.0
84,83715.0,926.0
102,82576.0,1778.25
87,56962.0,411.0
85,35704.0,94.0
88,53103.0,1085.0
90,46779.0,23.0
79,18985.5,22.0
90,33462.0,54.0
87,63693.0,1150.0
89,80763.0,1415.0
89,65352.0,405.0
86,82170.0,1778.25
87,75759.0,1778.25
93,79689.0,1315.0
79,35340.0,45.0
82,84130.0,1778.25
98,24884.0,22.0
101,42021.0,573.0
83,64449.0,805.0
79,64587.0,108.0
82,34824.0,23.0
86,75437.0,1493.0
83,26091.0,89.0
89,52845.0,936.0
87,46086.0,343.0
101,78028.0,528.0
88,84130.0,1778.25
94,56337.0,724.0
95,22434.0,58.0
92,36930.0,297.0
96,36130.0,488.0
99,65569.0,859.0
93,83844.0,1574.0
84,19514.0,69.0
93,36736.0,22.0
101,77568.0,1778.25
84,49187.0,116.0
95,30168.0,279.0
101,34053.0,103.0
81,38196.0,44.0
81,59412.0,406.0
82,70924.0,1363.0
92,54165.0,236.0
97,32300.0,39.0
95,20180.0,137.0
79,34961.0,79.0
91,28440.0,63.0
95,64504.0,1314.0
79,33564.0,71.0
99,18985.5,58.0
94,56320.0,702.0
89,28647.0,94.0
96,18985.5,80.0
90,32173.0,22.0
99,68316.0,1211.0
91,74538.0,1461.0
96,84130.0,1778.25
79,68695.0,1091.0
96,31056.0,55.0
80,79593.0,1366.0
101,28071.0,313.0
83,37334.0,62.0
88,46423.0,92.0
82,37126.0,72.0
92,47703.0,655.0
81,61180.0,704.0
99,38998.0,54.0
100,18985.5,178.0
80,76081.0,1033.0
90,34728.0,36.0
100,33168.0,122.0
88,33585.0,122.0
87,77037.0,1123.0
99,35196.0,497.0
91,44529.0,691.0
82,70924.0,1363.0
80,28764.0,22.0
95,69098.0,1778.25
95,25959.0,56.0
94,27100.0,37.0
100,70596.0,968.0
101,42557.0,270.0
90,53312.0,278.0
98,72228.0,1250.0
94,67605.0,938.0
100,62845.0,1178.0
90,65196.0,1155.0
97,42000.0,653.0
80,35860.0,49.0
81,65526.0,506.0
101,18985.5,38.0
81,83528.0,1650.0
102,64176.0,1778.25
102,22304.0,22.0
83,67023.0,906.0
80,32892.0,46.0
98,70713.0,1477.0
98,59925.0,766.0
83,39722.0,47.0
90,46610.0,467.0
91,84130.0,1778.25
93,84130.0,1298.0
89,26907.0,22.0
84,50014.0,396.0
93,41014.0,22.0
82,66294.0,967.0
98,36715.0,357.0
101,79456.0,1401.0
89,40479.0,22.0
96,75345.0,1778.25
96,54233.0,981.0
87,24163.0,22.0
97,84130.0,523.0
81,43776.0,23.0
82,71691.0,1192.0
80,84130.0,1778.25
81,39190.0,133.0
89,71367.0,777.0
91,38578.0,73.0
82,57236.0,121.0
90,61825.0,424.0
80,79803.0,868.0
99,80910.0,756.0
93,27590.0,22.0
97,56775.0,937.0
88,83829.0,1778.25
92,54210.0,367.0
90,38508.0,443.0
87,53187.0,267.0
82,30023.0,61.0
86,76045.0,1323.0
79,50870.0,63.0
90,18985.5,64.0
84,65463.0,562.0
80,66480.0,312.0
95,76773.0,1156.0
95,81698.0,1104.0
83,54466.0,22.0
83,84130.0,1778.25
89,18985.5,44.0
89,71819.0,1574.0
87,33569.0,63.0
88,36262.0,426.0
96,22634.0,96.0
88,47025.0,635.0
88,70566.0,757.0
98,31605.0,125.0
92,52034.0,332.0
85,48526.0,135.0
98,46734.0,330.0
97,39552.0,384.0
102,84130.0,1722.0
81,46931.0,78.0
97,18985.5,24.0
85,63998.0,1168.0
96,67381.0,957.0
87,25930.0,22.0
79,42693.0,57.0
99,84130.0,1778.25
87,72903.0,1778.25
80,49669.0,326.0
102,36778.0,77.0
93,84130.0,1313.0
80,18985.5,30.0
96,49678.0,315.0
91,56129.0,660.0
96,37155.0,74.0
80,21282.0,46.0
89,33419.0,86.0
87,63285.0,1103.0
84,21255.0,61.0
86,42162.0,145.0
101,54450.0,684.0
86,57744.0,411.0
100,26576.0,27.0
91,57513.0,1060.0
101,68142.0,1459.0
101,18985.5,22.0
100,83145.0,1778.25
82,54197.0,237.0
80,23091.0,48.0
90,46049.0,515.0
98,56715.0,1020.0
80,79410.0,1370.0
95,57304.0,1026.0
82,44375.0,301.0
101,54450.0,684.0
99,59594.0,499.0
101,80685.0,1004.0
87,40344.0,218.0
92,62710.0,606.0
91,48985.0,75.0
101,35322.0,106.0
92,77142.0,990.0
84,81657.0,1097.0
83,18985.5,22.0
82,20130.0,34.0
101,74214.0,1711.0
84,66726.0,438.0
97,23724.0,75.0
86,47353.0,225.0
99,33444.0,22.0
92,54386.0,470.0
93,28510.0,91.0
83,84130.0,1778.25
96,48070.0,504.0
97,43140.0,235.0
96,54959.0,1232.0
93,18985.5,88.0
80,26954.0,22.0
90,22327.0,24.0
89,44393.0,60.0
89,62000.0,1020.0
98,31497.0,155.0
83,45894.0,51.0
97,78579.0,1778.25
98,67369.0,1461.0
81,58401.0,96.0
83,62307.0,160.0
93,43641.0,139.0
93,63841.0,908.0
89,46891.0,183.0
94,70091.0,1161.0
82,78075.0,988.0
101,59184.0,1072.0
88,54809.0,174.0
96,58113.0,758.0
85,51412.0,195.0
100,18985.5,31.0
89,66636.0,1084.0
95,50965.0,685.0
86,84130.0,1672.0
87,18985.5,43.0
83,40451.0,49.0
92,36317.0,133.0
87,42213.0,363.0
93,65748.0,545.0
87,77044.0,1065.0
95,74918.0,1778.25
99,56721.0,296.0
91,42160.0,140.0
90,61559.0,530.0
102,33629.0,152.0
88,68682.0,1598.0
96,34377.0,114.0
101,18985.5,101.0
88,26228.0,25.0
96,77297.0,789.0
90,40211.0,87.0
88,33438.0,90.0
93,75032.0,1215.0
87,61284.0,811.0
99,22518.0,61.0
89,54730.0,405.0
82,38452.0,72.0
95,44421.0,189.0
91,38197.0,40.0
83,41986.0,63.0
94,28427.0,52.0
81,37395.0,39.0
80,64722.0,805.0
81,55249.0,130.0
88,84130.0,1631.0
91,28691.0,34.0
86,44213.0,152.0
84,25707.0,22.0
88,59062.0,71.0
80,76624.0,899.0
81,66000.0,711.0
102,27683.0,351.0
80,18985.5,22.0
98,18985.5,119.0
94,40521.0,22.0
82,20427.0,22.0
80,65106.0,973.0
89,69969.0,1536.0
90,67433.0,992.0
95,77766.0,1529.0
88,74716.0,860.0
87,68118.0,928.0
102,55158.0,418.0
102,62972.0,587.0
80,74190.0,641.0
82,39356.0,23.0
89,76653.0,1778.25
80,35860.0,49.0
92,84130.0,1778.25
86,73450.0,1778.25
91,31454.0,48.0
83,47139.0,83.0
88,83829.0,1778.25
100,53378.0,793.0
96,19656.0,84.0
89,45579.0,183.0
79,84130.0,1383.0
82,55956.0,999.0
96,64191.0,825.0
101,38808.0,246.0
94,57183.0,610.0
98,23748.0,76.0
95,66303.0,1286.0
85,37368.0,30.0
97,40800.0,99.0
100,71847.0,1192.0
86,46149.0,362.0
102,78687.0,1778.25
101,49118.0,1229.0
100,37633.0,38.0
90,39767.0,485.0
99,26997.0,434.0
94,33986.0,44.0
98,57091.0,496.0
92,46831.0,78.0
96,83151.0,1778.25
97,52531.0,794.0
89,18985.5,22.0
90,22804.0,26.0
82,43050.0,76.0
86,42997.0,22.0
81,48918.0,62.0
82,60033.0,198.0
87,34043.0,49.0
91,57811.0,802.0
83,78569.0,1736.0
97,18985.5,57.0
92,84130.0,59.0
95,84130.0,1778.25
83,23148.0,37.0
95,44267.0,310.0
99,71626.0,1305.0
91,60894.0,832.0
94,50200.0,401.0
80,81051.0,1501.0
84,65169.0,1189.0
90,59868.0,1194.0
84,65695.0,656.0
98,64857.0,1540.0
89,45143.0,311.0
87,74805.0,820.0
84,59060.0,274.0
93,27238.0,57.0
88,47009.0,448.0
79,46094.0,44.0
90,40321.0,102.0
84,37235.0,61.0
93,81843.0,1643.0
92,46692.0,397.0
85,77382.0,1121.0
101,37774.0,473.0
82,18985.5,50.0
95,72828.0,1678.0
81,24711.0,58.0
88,45503.0,170.0
85,18985.5,373.0
86,71604.0,1196.0
83,27244.0,101.0
98,48752.0,316.0
88,71434.0,1400.0
90,84130.0,1424.0
101,84130.0,844.0
88,51948.0,311.0
93,71853.0,1149.0
81,35876.0,129.0
87,40049.0,32.0
102,39660.0,299.0
80,50127.0,320.0
98,43263.0,441.0
100,62845.0,1178.0
95,18985.5,85.0
94,24367.0,24.0
95,33249.0,112.0
96,26887.0,30.0
91,50150.0,410.0
89,62061.0,800.0
93,84130.0,1313.0
94,76542.0,1483.0
87,70515.0,1258.0
99,18985.5,28.0
84,69139.0,227.0
99,69109.0,1555.0
94,69627.0,861.0
93,38136.0,103.0
81,62159.0,634.0
85,80695.0,1778.25
88,33316.0,131.0
100,58554.0,586.0
86,18985.5,62.0
92,53034.0,447.0
102,52203.0,939.0
90,59601.0,797.0
101,75154.0,1143.0
87,47025.0,415.0
86,37971.0,30.0
85,41335.0,187.0
80,67267.0,251.0
81,57338.0,237.0
85,50523.0,91.0
93,35791.0,35.0
100,50611.0,493.0
95,56242.0,971.0
98,48904.0,371.0
85,56243.0,396.0
89,21355.0,68.0
91,57420.0,322.0
81,46390.0,222.0
91,54342.0,177.0
100,20895.0,45.0
84,84130.0,1778.25
89,26907.0,22.0
97,44964.0,41.0
81,75507.0,1440.0
87,53761.0,325.0
88,22682.0,95.0
83,38887.0,42.0
99,41658.0,72.0
80,29791.0,22.0
90,63915.0,789.0
80,39996.0,22.0
83,26759.0,59.0
93,63841.0,908.0
98,51039.0,417.0
101,60544.0,289.0
82,65685.0,769.0
81,37716.0,188.0
102,36864.0,354.0
100,44511.0,727.0
102,36947.0,146.0
94,47352.0,319.0
85,67087.0,794.0
101,57045.0,454.0
101,36957.0,152.0
100,69389.0,797.0
92,80134.0,1690.0
83,43142.0,22.0
84,80589.0,1428.0
95,34412.0,209.0
92,57537.0,545.0
96,22634.0,96.0
83,51315.0,222.0
82,36026.0,61.0
84,24639.0,44.0
81,34578.0,22.0
87,65704.0,817.0
99,63810.0,1371.0
83,54132.0,42.0
97,18985.5,60.0
93,28164.0,78.0
93,34596.0,23.0
88,43269.0,22.0
82,38741.0,61.0
95,31907.0,449.0
94,27100.0,37.0
83,31163.0,38.0
85,84130.0,1131.0
85,34853.0,34.0
87,70844.0,294.0
93,31086.0,48.0
101,60544.0,289.0
96,20491.0,30.0
81,42523.0,125.0
95,39922.0,156.0
90,33402.0,70.0
88,36408.0,22.0
101,21645.0,65.0
99,78427.0,1778.25
88,82657.0,1778.25
87,51876.0,310.0
97,78041.0,1319.0
98,52852.0,879.0
87,70038.0,1244.0
82,69401.0,690.0
95,46053.0,209.0
79,77343.0,1134.0
86,73892.0,1507.0
88,40304.0,57.0
101,32727.0,529.0
79,68695.0,1091.0
100,43300.0,180.0
97,26290.0,77.0
83,84130.0,1778.25
101,38410.0,534.0
84,64866.0,556.0
89,57957.0,637.0
81,46015.0,46.0
79,18985.5,44.0
91,28072.0,47.0
91,49476.0,795.0
95,50725.0,586.0
93,83844.0,1574.0
83,41145.0,22.0
96,67419.0,1471.0
85,23162.0,65.0
93,34380.0,175.0
93,34704.0,40.0
101,84130.0,1078.0
98,65148.0,1115.0
95,39898.0,134.0
98,64857.0,1540.0
87,59892.0,87.0
87,41020.0,217.0
84,57072.0,1034.0
94,60474.0,1180.0
101,62807.0,819.0
87,19414.0,32.0
89,19107.0,46.0
102,75484.0,1159.0
95,70379.0,860.0
79,79419.0,1631.0
79,64014.0,444.0
97,76998.0,1778.25
86,49854.0,380.0
91,60585.0,736.0
96,42873.0,269.0
90,84130.0,1778.25
88,57867.0,612.0
85,35765.0,75.0
84,65492.0,1045.0
86,32952.0,55.0
101,53374.0,1064.0
99,71706.0,1443.0
96,68487.0,1366.0
96,53253.0,436.0
83,31163.0,38.0
101,42014.0,436.0
99,54108.0,747.0
101,49667.0,1396.0
82,63206.0,928.0
91,57136.0,642.0
99,46772.0,1048.0
87,78931.0,943.0
92,53977.0,907.0
84,84130.0,1198.0
101,46098.0,120.0
98,73538.0,1658.0
81,79529.0,1638.0
93,20981.0,73.0
82,51766.0,275.0
98,55759.0,854.0
89,33039.0,78.0
88,37787.0,106.0
99,27242.0,106.0
92,84130.0,1778.25
92,69930.0,1662.0
83,37697.0,84.0
81,37401.0,48.0
93,18985.5,22.0
98,58597.0,733.0
82,82032.0,1234.0
98,28087.0,112.0
83,74004.0,1658.0
94,19740.0,55.0
98,57036.0,1513.0
92,53083.0,271.0
79,69283.0,904.0
101,46098.0,120.0
101,23331.0,103.0
100,23331.0,269.0
85,18985.5,22.0
86,67786.0,1156.0
99,71969.0,1086.0
97,59235.0,1128.0
82,31928.0,72.0
95,74881.0,964.0
98,65819.0,1383.0
92,51411.0,22.0
101,51983.0,793.0
96,42386.0,100.0
89,30390.0,80.0
99,30983.0,167.0
96,66033.0,677.0
94,37284.0,23.0
87,57530.0,92.0
83,76800.0,641.0
101,63943.0,1106.0
80,76081.0,1033.0
102,67445.0,1174.0
88,37054.0,25.0
99,47175.0,240.0
91,31859.0,22.0
96,27215.0,102.0
90,70179.0,1034.0
95,39922.0,156.0
87,49681.0,458.0
99,24645.0,22.0
79,79865.0,792.0
79,44322.0,92.0
96,47958.0,407.0
98,63972.0,1269.0
81,75315.0,841.0
100,55517.0,633.0
94,75283.0,1019.0
98,82800.0,1315.0
99,38998.0,54.0
83,84130.0,1778.25
87,27161.0,52.0
101,42014.0,436.0
94,38201.0,268.0
82,45203.0,147.0
81,81574.0,1778.25
91,34935.0,137.0
96,60482.0,507.0
84,34633.0,22.0
85,78093.0,1105.0
86,82460.0,974.0
81,45903.0,66.0
83,81361.0,778.0
80,35860.0,49.0
101,40442.0,169.0
79,61482.0,299.0
94,34968.0,221.0
85,75794.0,1682.0
98,31497.0,155.0
95,74268.0,892.0
101,18985.5,58.0
89,45143.0,311.0
82,52569.0,95.0
99,48432.0,424.0
83,18985.5,47.0
87,36108.0,339.0
100,76445.0,1410.0
81,36663.0,35.0
91,53843.0,562.0
100,84130.0,1778.25
92,70638.0,1334.0
89,44512.0,32.0
83,27116.0,41.0
90,54072.0,39.0
96,71855.0,1141.0
94,51250.0,710.0
82,60432.0,401.0
81,65526.0,506.0
102,68655.0,1538.0
98,18985.5,57.0
89,64509.0,1722.0
90,33955.0,270.0
85,31353.0,31.0
88,55434.0,882.0
87,28359.0,22.0
80,57100.0,311.0
84,69139.0,227.0
99,52973.0,1152.0
89,51717.0,122.0
97,18985.5,77.0
100,66664.0,1289.0
96,50664.0,561.0
96,54414.0,211.0
83,54549.0,233.0
101,47111.0,1092.0
94,41003.0,601.0
83,19444.0,54.0
87,36301.0,78.0
89,73059.0,1095.0
87,42731.0,244.0
82,52854.0,116.0
91,22775.0,22.0
88,46681.0,425.0
94,59821.0,734.0
91,50002.0,638.0
88,69755.0,894.0
79,44078.0,41.0
91,30560.0,31.0
82,35924.0,34.0
88,64140.0,1750.0
99,56386.0,612.0
85,24594.0,29.0
81,75774.0,823.0
93,39228.0,22.0
85,58494.0,396.0
79,58684.0,813.0
92,57136.0,1179.0
81,56551.0,138.0
83,22448.0,55.0
101,82014.0,1511.0
101,34213.0,117.0
93,84130.0,1730.0
90,25358.0,32.0
83,35544.0,67.0
92,36634.0,335.0
84,62670.0,825.0
90,50334.0,694.0
79,72066.0,1778.25
93,50729.0,496.0
92,34916.0,231.0
80,64892.0,902.0
84,43602.0,68.0
88,33996.0,71.0
91,41473.0,76.0
89,63246.0,772.0
85,36732.0,47.0
86,69084.0,1586.0
95,77766.0,1529.0
90,37929.0,265.0
89,84130.0,1603.0
97,80141.0,1778.25
92,72635.0,981.0
98,69016.0,1533.0
98,20193.0,82.0
94,27573.0,244.0
91,18985.5,36.0
95,49544.0,404.0
84,33228.0,71.0
88,70440.0,1572.0
84,38232.0,122.0
99,22554.0,41.0
80,23536.0,22.0
87,49413.0,304.0
82,42231.0,37.0
102,78789.0,1754.0
90,56534.0,815.0
97,58350.0,1001.0
90,81217.0,1157.0
90,49090.0,688.0
91,61787.0,1319.0
95,18985.5,22.0
101,24336.0,31.0
97,18985.5,67.0
92,62335.0,708.0
100,42033.0,25.0
95,84130.0,746.0
100,41437.0,32.0
83,73705.0,1695.0
101,61064.0,1080.0
82,38452.0,72.0
86,18985.5,57.0
82,55012.0,660.0
100,18985.5,103.0
88,38175.0,153.0
100,58656.0,1220.0
101,52117.0,279.0
85,64813.0,745.0
83,54222.0,264.0
79,83512.0,1778.25
89,77520.0,1526.0
94,41154.0,69.0
99,80398.0,1597.0
80,18985.5,64.0
99,35196.0,497.0
92,60230.0,1067.0
80,22108.0,31.0
89,44392.0,211.0
98,55424.0,877.0
96,18985.5,22.0
93,84130.0,1778.25
85,84130.0,1778.25
82,82571.0,1686.0
84,38513.0,324.0
81,18985.5,69.0
99,42586.0,252.0
97,23529.0,54.0
95,74881.0,964.0
95,71107.0,1327.0
82,46910.0,68.0
97,18985.5,60.0
93,37244.0,55.0
82,82427.0,1456.0
93,75342.0,563.0
95,70044.0,1504.0
81,79146.0,564.0
86,77437.0,1125.0
80,54984.0,358.0
85,42403.0,42.0
81,55761.0,184.0
93,37292.0,460.0
80,45576.0,145.0
96,70321.0,1376.0
96,58086.0,792.0
99,81795.0,1382.0
98,28389.0,28.0
88,66835.0,1033.0
92,69901.0,882.0
95,80360.0,1778.25
99,63342.0,1101.0
101,44989.0,369.0
83,31859.0,48.0
95,51569.0,467.0
97,30372.0,44.0
94,18985.5,38.0
87,41120.0,81.0
90,39763.0,167.0
80,38725.0,45.0
92,77981.0,664.0
88,62905.0,622.0
95,18985.5,48.0
87,59481.0,461.0
89,72117.0,1073.0
89,21955.0,55.0
94,67131.0,976.0
79,36802.0,22.0
93,71853.0,1149.0
79,28249.0,43.0
87,47808.0,224.0
100,25509.0,101.0
93,51012.0,209.0
100,70596.0,968.0
92,84130.0,1165.0
82,42664.0,24.0
99,42586.0,252.0
101,29760.0,165.0
100,28973.0,269.0
90,39435.0,102.0
90,65370.0,461.0
97,20194.0,47.0
83,42473.0,144.0
100,64590.0,1338.0
86,71232.0,917.0
97,34600.0,318.0
99,46904.0,253.0
100,49094.0,502.0
85,36075.0,119.0
101,60839.0,1250.0
87,77298.0,969.0
90,34026.0,76.0
81,48918.0,62.0
89,82122.0,1382.0
83,37697.0,84.0
90,34074.0,255.0
91,28520.0,43.0
88,62535.0,398.0
81,36273.0,76.0
80,63404.0,902.0
81,75774.0,823.0
79,78416.0,1179.0
100,75702.0,1778.25
93,59385.0,185.0
94,37070.0,433.0
84,44689.0,34.0
92,53977.0,907.0
86,18985.5,416.0
92,18985.5,44.0
81,84130.0,1588.0
99,63159.0,1778.25
100,37758.0,40.0
98,46757.0,1143.0
79,79734.0,914.0
96,63207.0,1502.0
95,72071.0,1338.0
90,21840.0,27.0
88,58582.0,763.0
90,72282.0,1331.0
89,50387.0,525.0
79,32583.0,22.0
82,62568.0,953.0
87,44635.0,68.0
88,33316.0,131.0
90,63967.0,882.0
101,52513.0,1149.0
88,25293.0,37.0
89,54111.0,388.0
95,78394.0,1428.0
92,80739.0,1633.0
92,22669.0,173.0
88,29236.0,99.0
94,44911.0,215.0
95,54693.0,929.0
82,48186.0,219.0
88,54809.0,174.0
98,41580.0,92.0
89,80336.0,1052.0
94,47743.0,275.0
102,62972.0,587.0
100,57333.0,1662.0
96,32313.0,159.0
92,84130.0,1024.0
81,27071.0,35.0
89,68148.0,1042.0
86,65735.0,395.0
101,84130.0,557.0
79,18985.5,22.0
91,30093.0,69.0
84,57705.0,486.0
84,25008.0,34.0
100,83257.0,1365.0
92,22280.0,22.0
99,72159.0,1401.0
97,64260.0,1574.0
88,82733.0,1323.0
89,74290.0,1217.0
98,58217.0,103.0
91,21024.0,84.0
96,70116.0,1536.0
100,54006.0,581.0
99,69063.0,928.0
85,18985.5,22.0
90,61825.0,424.0
87,70886.0,960.0
99,69109.0,1555.0
100,60208.0,656.0
89,32889.0,55.0
80,34738.0,22.0
100,30538.0,367.0
82,82326.0,1778.25
83,26642.0,42.0
91,69932.0,1049.0
81,44503.0,48.0
97,60200.0,685.0
81,49638.0,39.0
83,23830.0,43.0
101,33051.0,835.0
84,72905.0,1515.0
95,69702.0,1039.0
90,70300.0,1596.0
99,70643.0,1778.25
81,30396.0,34.0
81,50616.0,149.0
92,62772.0,946.0
80,30298.0,28.0
99,52413.0,450.0
84,44155.0,46.0
87,84130.0,1702.0
89,76532.0,820.0
95,42081.0,382.0
101,67546.0,1778.25
81,84130.0,1778.25
96,31158.0,72.0
80,61671.0,732.0
80,69719.0,801.0
87,49160.0,236.0
101,24882.0,80.0
82,84130.0,1685.0
80,84130.0,277.0
91,59292.0,507.0
95,45759.0,68.0
81,22148.0,49.0
82,73395.0,397.0
87,29819.0,39.0
84,45688.0,306.0
93,62820.0,976.0
89,60491.0,1028.0
84,33235.0,70.0
94,35701.0,46.0
88,31535.0,51.0
81,84130.0,1263.0
99,67384.0,1490.0
100,80573.0,1564.0
101,77870.0,1778.25
96,52278.0,1198.0
101,57107.0,416.0
95,18985.5,85.0
92,36038.0,47.0
95,20180.0,137.0
97,34230.0,22.0
79,31878.0,70.0
84,70932.0,909.0
99,84130.0,1676.0
88,77598.0,1735.0
97,80982.0,1191.0
89,22701.0,24.0
98,55212.0,1182.0
91,70617.0,1280.0
99,64849.0,1336.0
91,62694.0,749.0
86,61917.0,91.0
88,67472.0,414.0
85,21059.0,44.0
82,29543.0,63.0
94,75903.0,901.0
101,34984.0,38.0
95,54998.0,455.0
98,54356.0,775.0
82,34242.0,22.0
89,25410.0,38.0
84,73356.0,1512.0
96,28320.0,43.0
102,23763.0,42.0
81,72570.0,1089.0
101,34529.0,162.0
96,70792.0,1272.0
99,63211.0,1173.0
79,83891.0,816.0
94,36065.0,74.0
95,39898.0,134.0
91,51141.0,157.0
88,56939.0,561.0
80,80872.0,1336.0
102,72335.0,1778.25
86,61798.0,463.0
81,76842.0,1130.0
84,29478.0,22.0
99,46998.0,377.0
93,84130.0,1544.0
81,56551.0,138.0
91,70053.0,1012.0
91,71670.0,1766.0
79,44359.0,45.0
93,40887.0,161.0
85,48877.0,144.0
89,74485.0,1734.0
87,64474.0,823.0
83,77226.0,1138.0
95,72643.0,1429.0
84,84130.0,1371.0
95,55686.0,982.0
82,39062.0,44.0
97,34600.0,318.0
94,40794.0,434.0
87,54690.0,198.0
88,18985.5,359.0
102,32632.0,576.0
88,38236.0,88.0
81,36781.0,63.0
98,31385.0,27.0
95,24570.0,193.0
100,25509.0,101.0
83,84130.0,1778.25
92,58646.0,140.0
95,53201.0,415.0
97,21994.0,22.0
96,57113.0,263.0
91,51373.0,393.0
87,23477.0,147.0
81,58116.0,443.0
85,72968.0,1778.25
94,39791.0,174.0
87,84130.0,1778.25
82,84130.0,1691.0
93,18985.5,25.0
80,84130.0,809.0
101,79205.0,895.0
97,56559.0,484.0
96,32644.0,413.0
85,67506.0,331.0
95,24206.0,25.0
85,28420.0,22.0
101,22979.0,115.0
79,33279.0,22.0
88,46423.0,92.0
87,30368.0,52.0
98,63684.0,1464.0
95,41638.0,441.0
88,68805.0,283.0
83,65814.0,747.0
92,71964.0,1778.25
95,39146.0,165.0
90,84130.0,1778.25
96,34445.0,839.0
102,68281.0,1655.0
94,37284.0,23.0
95,36790.0,66.0
93,27943.0,37.0
82,22263.0,22.0
100,30261.0,22.0
83,28587.0,78.0
94,43815.0,79.0
84,48195.0,265.0
84,77027.0,1175.0
95,71322.0,1305.0
83,32765.0,46.0
95,29672.0,25.0
87,23272.0,46.0
101,49912.0,874.0
102,18985.5,100.0
95,68117.0,930.0
86,67225.0,868.0
86,18985.5,45.0
93,55914.0,1260.0
88,40059.0,414.0
86,60905.0,392.0
100,75330.0,1109.0
92,60689.0,639.0
94,38680.0,79.0
96,61416.0,1665.0
93,49767.0,692.0
100,83273.0,1392.0
86,29009.0,44.0
86,45057.0,50.0
101,37150.0,467.0
86,43020.0,223.0
79,53154.0,158.0
88,65308.0,1211.0
101,76467.0,1575.0
85,81044.0,1208.0
95,32871.0,43.0
88,55801.0,527.0
79,76320.0,932.0
80,36927.0,71.0
79,48794.0,54.0
94,23478.0,129.0
100,71128.0,1615.0
90,70179.0,1034.0
97,59462.0,1088.0
85,38361.0,137.0
87,70038.0,1244.0
97,42554.0,41.0
102,67445.0,1174.0
97,67046.0,993.0
89,42192.0,100.0
99,77610.0,1680.0
82,31761.0,98.0
87,34350.0,48.0
90,54591.0,519.0
85,71866.0,715.0
88,25293.0,37.0
97,42000.0,653.0
91,69520.0,1455.0
83,64713.0,602.0
91,27889.0,26.0
82,22123.0,102.0
101,27803.0,176.0
99,51651.0,433.0
96,68487.0,1366.0
95,56796.0,1001.0
97,84130.0,961.0
82,79823.0,1518.0
88,30828.0,56.0
87,34109.0,22.0
89,53367.0,400.0
87,22390.0,26.0
81,71322.0,350.0
97,79244.0,1216.0
101,49912.0,874.0
92,48699.0,40.0
88,80144.0,1367.0
92,54252.0,264.0
100,81929.0,1778.25
98,76068.0,1376.0
82,53204.0,45.0
80,67911.0,976.0
100,18985.5,51.0
83,78128.0,1264.0
95,18985.5,75.0
99,20425.0,57.0
92,58646.0,140.0
97,72967.0,497.0
92,48150.0,266.0
100,82332.0,1778.25
92,58275.0,615.0
97,44953.0,1021.0
80,34587.0,22.0
87,43018.0,133.0
90,45736.0,437.0
86,66476.0,1013.0
89,27733.0,57.0
84,69805.0,1038.0
94,72217.0,1573.0
99,25818.0,28.0
101,37509.0,123.0
90,25176.0,22.0
101,43586.0,132.0
102,53230.0,732.0
79,50116.0,66.0
88,84130.0,1631.0
90,61286.0,608.0
94,82333.0,1778.25
101,65220.0,1282.0
87,33590.0,22.0
93,30992.0,43.0
95,72309.0,1778.25
89,84130.0,22.0
102,18985.5,103.0
84,65487.0,1169.0
82,58692.0,395.0
88,40590.0,258.0
80,20587.0,25.0
83,62637.0,185.0
102,29435.0,180.0
84,19346.0,22.0
84,35788.0,44.0
96,36997.0,94.0
83,23539.0,81.0
84,65333.0,798.0
86,78499.0,1334.0
82,29732.0,38.0
82,41275.0,61.0
91,63516.0,300.0
87,42769.0,88.0
85,49572.0,54.0
100,69209.0,1778.25
84,18985.5,68.0
88,40590.0,258.0
91,30560.0,31.0
80,32146.0,66.0
81,41713.0,174.0
84,34176.0,28.0
82,58482.0,731.0
84,59686.0,274.0
100,60896.0,1701.0
83,62994.0,312.0
90,47320.0,414.0
92,74859.0,1565.0
87,18985.5,29.0
91,31560.0,94.0
95,72071.0,1338.0
94,84130.0,1092.0
85,84130.0,1479.0
86,41967.0,54.0
83,69263.0,568.0
91,65706.0,1199.0
84,60934.0,873.0
90,71965.0,1213.0
82,65210.0,731.0
97,79174.0,1778.25
97,81380.0,1778.25
99,48432.0,424.0
97,52914.0,575.0
87,38946.0,257.0
87,26067.0,56.0
95,44325.0,542.0
81,42523.0,125.0
92,26487.0,69.0
82,53233.0,40.0
97,67716.0,1016.0
84,76234.0,907.0
80,84117.0,1566.0
84,65487.0,1169.0
82,25224.0,46.0
95,84130.0,1644.0
95,40851.0,59.0
102,27469.0,22.0
99,82347.0,1778.25
102,73803.0,1528.0
94,18985.5,35.0
81,43322.0,141.0
89,55593.0,546.0
91,50501.0,500.0
79,37085.0,61.0
90,18985.5,106.0
98,57731.0,704.0
99,48432.0,424.0
97,73807.0,849.0
95,18985.5,85.0
99,35893.0,199.0
102,61014.0,1147.0
82,32144.0,54.0
98,18985.5,43.0
90,45146.0,53.0
95,41769.0,521.0
84,84130.0,1623.0
81,38054.0,45.0
100,80617.0,1435.0
90,18985.5,32.0
97,36807.0,22.0
94,28427.0,52.0
82,82032.0,1234.0
91,22775.0,22.0
100,40101.0,415.0
86,58025.0,470.0
91,75777.0,1438.0
93,18985.5,53.0
79,33562.0,51.0
84,57642.0,679.0
100,58554.0,586.0
94,63777.0,653.0
95,57967.0,468.0
80,24434.0,50.0
94,18985.5,84.0
101,44802.0,1049.0
101,26816.0,22.0
92,84130.0,62.0
91,34421.0,30.0
91,61223.0,1341.0
79,64014.0,444.0
84,56981.0,1241.0
84,69245.0,843.0
99,52869.0,172.0
